{
  "functional": true,
  "failure_mode": "success",
  "median_latency": 163.13825504343987,
  "metric_values": [
    461.4064791635989,
    393.6817699896922,
    163.13825504343987,
    53.564273302900894,
    36.7147842733029
  ],
  "beats_baseline": false,
  "improvement_pct": null,
  "pipelines_created": 10400,
  "containers_completed": 39831,
  "throughput": 4.425666666666666,
  "p99_latency": 11.0,
  "assignments": 67041,
  "suspensions": 0,
  "failures": 27083,
  "failure_error_counts": {
    "OOM": 15378,
    "timeout": 11705
  },
  "mean_memory_allocated_percent": 92.91256944444444,
  "mean_memory_consumed_percent": 30.129874027777582,
  "pipelines_all_arrival_count": 10400,
  "pipelines_all_completion_count": 5660,
  "pipelines_all_timeout_count": 3624,
  "pipelines_all_mean_latency_seconds": 46.88333392226148,
  "pipelines_all_p99_latency_seconds": 221.22949999999997,
  "pipelines_query_arrival_count": 1195,
  "pipelines_query_completion_count": 1188,
  "pipelines_query_timeout_count": 0,
  "pipelines_query_mean_latency_seconds": 13.293939393939393,
  "pipelines_query_p99_latency_seconds": 70.76200000000001,
  "pipelines_interactive_arrival_count": 3200,
  "pipelines_interactive_completion_count": 2121,
  "pipelines_interactive_timeout_count": 791,
  "pipelines_interactive_mean_latency_seconds": 65.37986798679869,
  "pipelines_interactive_p99_latency_seconds": 217.12339999999998,
  "pipelines_batch_arrival_count": 6005,
  "pipelines_batch_completion_count": 2351,
  "pipelines_batch_timeout_count": 2833,
  "pipelines_batch_mean_latency_seconds": 47.16961718417696,
  "pipelines_batch_p99_latency_seconds": 185.75970000000004,
  "oom_count": 15378,
  "suspension_rate": 0.0,
  "completion_rate": 0.5442307692307692,
  "completion_rate_query": 0.994142259414226,
  "completion_rate_interactive": 0.6628125,
  "completion_rate_batch": 0.3915070774354704,
  "sim_label": "dur1800_ticks100",
  "sim_overrides": {
    "duration": 1800,
    "ticks_per_second": 100
  }
}