{
  "functional": true,
  "failure_mode": "success",
  "median_latency": 160.76298896382588,
  "metric_values": [
    480.7808399754752,
    442.8784181483752,
    160.76298896382588,
    73.00528510116493,
    30.90503678724709
  ],
  "beats_baseline": false,
  "improvement_pct": null,
  "pipelines_created": 20550,
  "containers_completed": 76574,
  "throughput": 4.254111111111111,
  "p99_latency": 11.0,
  "assignments": 145982,
  "suspensions": 0,
  "failures": 69304,
  "failure_error_counts": {
    "OOM": 15395,
    "timeout": 53909
  },
  "mean_memory_allocated_percent": 91.045,
  "mean_memory_consumed_percent": 26.0624296527778,
  "pipelines_all_arrival_count": 20550,
  "pipelines_all_completion_count": 10696,
  "pipelines_all_timeout_count": 8693,
  "pipelines_all_mean_latency_seconds": 63.21470082273748,
  "pipelines_all_p99_latency_seconds": 244.16751999999988,
  "pipelines_query_arrival_count": 2150,
  "pipelines_query_completion_count": 2140,
  "pipelines_query_timeout_count": 0,
  "pipelines_query_mean_latency_seconds": 10.250186915887852,
  "pipelines_query_p99_latency_seconds": 28.96560000000004,
  "pipelines_interactive_arrival_count": 6335,
  "pipelines_interactive_completion_count": 4042,
  "pipelines_interactive_timeout_count": 2029,
  "pipelines_interactive_mean_latency_seconds": 53.70363186541316,
  "pipelines_interactive_p99_latency_seconds": 201.90008000000006,
  "pipelines_batch_arrival_count": 12065,
  "pipelines_batch_completion_count": 4514,
  "pipelines_batch_timeout_count": 6664,
  "pipelines_batch_mean_latency_seconds": 96.84070890562695,
  "pipelines_batch_p99_latency_seconds": 255.99146666666667,
  "oom_count": 15395,
  "suspension_rate": 0.0,
  "completion_rate": 0.5204866180048662,
  "completion_rate_query": 0.9953488372093023,
  "completion_rate_interactive": 0.6380426203630624,
  "completion_rate_batch": 0.3741400745959387,
  "sim_label": "dur3600_ticks25",
  "sim_overrides": {
    "duration": 3600,
    "ticks_per_second": 25
  }
}