{
  "functional": true,
  "failure_mode": "success",
  "median_latency": 162.5404491109749,
  "metric_values": [
    480.3475245248314,
    428.06806407112197,
    162.5404491109749,
    61.827759043531586,
    31.25930104230533
  ],
  "beats_baseline": false,
  "improvement_pct": null,
  "pipelines_created": 20550,
  "containers_completed": 78629,
  "throughput": 4.368277777777778,
  "p99_latency": 11.0,
  "assignments": 155892,
  "suspensions": 0,
  "failures": 77146,
  "failure_error_counts": {
    "OOM": 22473,
    "timeout": 54673
  },
  "mean_memory_allocated_percent": 92.18001736111111,
  "mean_memory_consumed_percent": 28.070644791666748,
  "pipelines_all_arrival_count": 20550,
  "pipelines_all_completion_count": 10988,
  "pipelines_all_timeout_count": 8462,
  "pipelines_all_mean_latency_seconds": 60.70162358937023,
  "pipelines_all_p99_latency_seconds": 243.86060000000012,
  "pipelines_query_arrival_count": 2150,
  "pipelines_query_completion_count": 2137,
  "pipelines_query_timeout_count": 0,
  "pipelines_query_mean_latency_seconds": 11.203228825456247,
  "pipelines_query_p99_latency_seconds": 45.605520000000055,
  "pipelines_interactive_arrival_count": 6335,
  "pipelines_interactive_completion_count": 4125,
  "pipelines_interactive_timeout_count": 1945,
  "pipelines_interactive_mean_latency_seconds": 58.9268606060606,
  "pipelines_interactive_p99_latency_seconds": 208.96452000000002,
  "pipelines_batch_arrival_count": 12065,
  "pipelines_batch_completion_count": 4726,
  "pipelines_batch_timeout_count": 6517,
  "pipelines_batch_mean_latency_seconds": 84.63284807448161,
  "pipelines_batch_p99_latency_seconds": 245.64753333333337,
  "oom_count": 22473,
  "suspension_rate": 0.0,
  "completion_rate": 0.5346958637469587,
  "completion_rate_query": 0.9939534883720931,
  "completion_rate_interactive": 0.6511444356748224,
  "completion_rate_batch": 0.39171156237049315,
  "sim_label": "dur3600_ticks50",
  "sim_overrides": {
    "duration": 3600,
    "ticks_per_second": 50
  }
}